Chave;Nome;OutrosDados
267;Nome_267;Dados_267
414;Nome_414;Dados_414
75;Nome_75;Dados_75
266;Nome_266;Dados_266
132;Nome_132;Dados_132
371;Nome_371;Dados_371
342;Nome_342;Dados_342
330;Nome_330;Dados_330
307;Nome_307;Dados_307
495;Nome_495;Dados_495
100;Nome_100;Dados_100
189;Nome_189;Dados_189
20;Nome_20;Dados_20
161;Nome_161;Dados_161
287;Nome_287;Dados_287
325;Nome_325;Dados_325
23;Nome_23;Dados_23
428;Nome_428;Dados_428
27;Nome_27;Dados_27
7;Nome_7;Dados_7
491;Nome_491;Dados_491
318;Nome_318;Dados_318
423;Nome_423;Dados_423
83;Nome_83;Dados_83
210;Nome_210;Dados_210
34;Nome_34;Dados_34
447;Nome_447;Dados_447
47;Nome_47;Dados_47
259;Nome_259;Dados_259
229;Nome_229;Dados_229
35;Nome_35;Dados_35
209;Nome_209;Dados_209
298;Nome_298;Dados_298
492;Nome_492;Dados_492
40;Nome_40;Dados_40
11;Nome_11;Dados_11
177;Nome_177;Dados_177
437;Nome_437;Dados_437
333;Nome_333;Dados_333
368;Nome_368;Dados_368
152;Nome_152;Dados_152
242;Nome_242;Dados_242
81;Nome_81;Dados_81
303;Nome_303;Dados_303
444;Nome_444;Dados_444
445;Nome_445;Dados_445
254;Nome_254;Dados_254
125;Nome_125;Dados_125
435;Nome_435;Dados_435
192;Nome_192;Dados_192
289;Nome_289;Dados_289
167;Nome_167;Dados_167
455;Nome_455;Dados_455
450;Nome_450;Dados_450
204;Nome_204;Dados_204
221;Nome_221;Dados_221
99;Nome_99;Dados_99
443;Nome_443;Dados_443
406;Nome_406;Dados_406
402;Nome_402;Dados_402
434;Nome_434;Dados_434
467;Nome_467;Dados_467
243;Nome_243;Dados_243
106;Nome_106;Dados_106
381;Nome_381;Dados_381
300;Nome_300;Dados_300
2;Nome_2;Dados_2
448;Nome_448;Dados_448
185;Nome_185;Dados_185
408;Nome_408;Dados_408
77;Nome_77;Dados_77
199;Nome_199;Dados_199
442;Nome_442;Dados_442
102;Nome_102;Dados_102
487;Nome_487;Dados_487
53;Nome_53;Dados_53
313;Nome_313;Dados_313
19;Nome_19;Dados_19
392;Nome_392;Dados_392
401;Nome_401;Dados_401
182;Nome_182;Dados_182
328;Nome_328;Dados_328
466;Nome_466;Dados_466
88;Nome_88;Dados_88
411;Nome_411;Dados_411
90;Nome_90;Dados_90
188;Nome_188;Dados_188
133;Nome_133;Dados_133
104;Nome_104;Dados_104
118;Nome_118;Dados_118
278;Nome_278;Dados_278
38;Nome_38;Dados_38
373;Nome_373;Dados_373
13;Nome_13;Dados_13
456;Nome_456;Dados_456
427;Nome_427;Dados_427
356;Nome_356;Dados_356
374;Nome_374;Dados_374
62;Nome_62;Dados_62
6;Nome_6;Dados_6
107;Nome_107;Dados_107
3;Nome_3;Dados_3
422;Nome_422;Dados_422
339;Nome_339;Dados_339
60;Nome_60;Dados_60
116;Nome_116;Dados_116
306;Nome_306;Dados_306
124;Nome_124;Dados_124
214;Nome_214;Dados_214
59;Nome_59;Dados_59
87;Nome_87;Dados_87
119;Nome_119;Dados_119
179;Nome_179;Dados_179
362;Nome_362;Dados_362
462;Nome_462;Dados_462
484;Nome_484;Dados_484
61;Nome_61;Dados_61
115;Nome_115;Dados_115
29;Nome_29;Dados_29
37;Nome_37;Dados_37
399;Nome_399;Dados_399
272;Nome_272;Dados_272
438;Nome_438;Dados_438
454;Nome_454;Dados_454
156;Nome_156;Dados_156
369;Nome_369;Dados_369
252;Nome_252;Dados_252
326;Nome_326;Dados_326
468;Nome_468;Dados_468
396;Nome_396;Dados_396
130;Nome_130;Dados_130
49;Nome_49;Dados_49
187;Nome_187;Dados_187
92;Nome_92;Dados_92
240;Nome_240;Dados_240
271;Nome_271;Dados_271
336;Nome_336;Dados_336
260;Nome_260;Dados_260
186;Nome_186;Dados_186
176;Nome_176;Dados_176
164;Nome_164;Dados_164
261;Nome_261;Dados_261
154;Nome_154;Dados_154
312;Nome_312;Dados_312
207;Nome_207;Dados_207
376;Nome_376;Dados_376
16;Nome_16;Dados_16
239;Nome_239;Dados_239
387;Nome_387;Dados_387
286;Nome_286;Dados_286
170;Nome_170;Dados_170
79;Nome_79;Dados_79
375;Nome_375;Dados_375
478;Nome_478;Dados_478
68;Nome_68;Dados_68
321;Nome_321;Dados_321
372;Nome_372;Dados_372
220;Nome_220;Dados_220
111;Nome_111;Dados_111
74;Nome_74;Dados_74
55;Nome_55;Dados_55
157;Nome_157;Dados_157
327;Nome_327;Dados_327
251;Nome_251;Dados_251
430;Nome_430;Dados_430
322;Nome_322;Dados_322
26;Nome_26;Dados_26
213;Nome_213;Dados_213
211;Nome_211;Dados_211
202;Nome_202;Dados_202
113;Nome_113;Dados_113
196;Nome_196;Dados_196
264;Nome_264;Dados_264
486;Nome_486;Dados_486
120;Nome_120;Dados_120
163;Nome_163;Dados_163
299;Nome_299;Dados_299
279;Nome_279;Dados_279
291;Nome_291;Dados_291
14;Nome_14;Dados_14
361;Nome_361;Dados_361
410;Nome_410;Dados_410
45;Nome_45;Dados_45
500;Nome_500;Dados_500
317;Nome_317;Dados_317
98;Nome_98;Dados_98
108;Nome_108;Dados_108
233;Nome_233;Dados_233
470;Nome_470;Dados_470
452;Nome_452;Dados_452
46;Nome_46;Dados_46
354;Nome_354;Dados_354
50;Nome_50;Dados_50
206;Nome_206;Dados_206
168;Nome_168;Dados_168
121;Nome_121;Dados_121
352;Nome_352;Dados_352
1;Nome_1;Dados_1
194;Nome_194;Dados_194
262;Nome_262;Dados_262
449;Nome_449;Dados_449
15;Nome_15;Dados_15
173;Nome_173;Dados_173
496;Nome_496;Dados_496
127;Nome_127;Dados_127
292;Nome_292;Dados_292
453;Nome_453;Dados_453
153;Nome_153;Dados_153
297;Nome_297;Dados_297
497;Nome_497;Dados_497
304;Nome_304;Dados_304
105;Nome_105;Dados_105
311;Nome_311;Dados_311
218;Nome_218;Dados_218
203;Nome_203;Dados_203
475;Nome_475;Dados_475
446;Nome_446;Dados_446
479;Nome_479;Dados_479
137;Nome_137;Dados_137
432;Nome_432;Dados_432
315;Nome_315;Dados_315
465;Nome_465;Dados_465
31;Nome_31;Dados_31
8;Nome_8;Dados_8
195;Nome_195;Dados_195
459;Nome_459;Dados_459
250;Nome_250;Dados_250
302;Nome_302;Dados_302
63;Nome_63;Dados_63
162;Nome_162;Dados_162
403;Nome_403;Dados_403
386;Nome_386;Dados_386
463;Nome_463;Dados_463
191;Nome_191;Dados_191
424;Nome_424;Dados_424
21;Nome_21;Dados_21
383;Nome_383;Dados_383
56;Nome_56;Dados_56
190;Nome_190;Dados_190
283;Nome_283;Dados_283
24;Nome_24;Dados_24
226;Nome_226;Dados_226
359;Nome_359;Dados_359
382;Nome_382;Dados_382
136;Nome_136;Dados_136
380;Nome_380;Dados_380
323;Nome_323;Dados_323
17;Nome_17;Dados_17
269;Nome_269;Dados_269
228;Nome_228;Dados_228
10;Nome_10;Dados_10
96;Nome_96;Dados_96
276;Nome_276;Dados_276
51;Nome_51;Dados_51
245;Nome_245;Dados_245
319;Nome_319;Dados_319
139;Nome_139;Dados_139
140;Nome_140;Dados_140
70;Nome_70;Dados_70
295;Nome_295;Dados_295
400;Nome_400;Dados_400
281;Nome_281;Dados_281
241;Nome_241;Dados_241
413;Nome_413;Dados_413
481;Nome_481;Dados_481
273;Nome_273;Dados_273
69;Nome_69;Dados_69
184;Nome_184;Dados_184
227;Nome_227;Dados_227
200;Nome_200;Dados_200
394;Nome_394;Dados_394
426;Nome_426;Dados_426
249;Nome_249;Dados_249
418;Nome_418;Dados_418
160;Nome_160;Dados_160
18;Nome_18;Dados_18
419;Nome_419;Dados_419
293;Nome_293;Dados_293
353;Nome_353;Dados_353
28;Nome_28;Dados_28
334;Nome_334;Dados_334
290;Nome_290;Dados_290
198;Nome_198;Dados_198
340;Nome_340;Dados_340
488;Nome_488;Dados_488
345;Nome_345;Dados_345
351;Nome_351;Dados_351
109;Nome_109;Dados_109
308;Nome_308;Dados_308
270;Nome_270;Dados_270
57;Nome_57;Dados_57
123;Nome_123;Dados_123
363;Nome_363;Dados_363
425;Nome_425;Dados_425
225;Nome_225;Dados_225
150;Nome_150;Dados_150
219;Nome_219;Dados_219
338;Nome_338;Dados_338
73;Nome_73;Dados_73
145;Nome_145;Dados_145
472;Nome_472;Dados_472
441;Nome_441;Dados_441
483;Nome_483;Dados_483
175;Nome_175;Dados_175
337;Nome_337;Dados_337
489;Nome_489;Dados_489
277;Nome_277;Dados_277
146;Nome_146;Dados_146
490;Nome_490;Dados_490
201;Nome_201;Dados_201
237;Nome_237;Dados_237
415;Nome_415;Dados_415
476;Nome_476;Dados_476
274;Nome_274;Dados_274
421;Nome_421;Dados_421
101;Nome_101;Dados_101
151;Nome_151;Dados_151
216;Nome_216;Dados_216
265;Nome_265;Dados_265
485;Nome_485;Dados_485
360;Nome_360;Dados_360
358;Nome_358;Dados_358
76;Nome_76;Dados_76
409;Nome_409;Dados_409
165;Nome_165;Dados_165
263;Nome_263;Dados_263
39;Nome_39;Dados_39
231;Nome_231;Dados_231
66;Nome_66;Dados_66
316;Nome_316;Dados_316
310;Nome_310;Dados_310
117;Nome_117;Dados_117
71;Nome_71;Dados_71
393;Nome_393;Dados_393
391;Nome_391;Dados_391
433;Nome_433;Dados_433
301;Nome_301;Dados_301
72;Nome_72;Dados_72
155;Nome_155;Dados_155
126;Nome_126;Dados_126
385;Nome_385;Dados_385
128;Nome_128;Dados_128
282;Nome_282;Dados_282
314;Nome_314;Dados_314
309;Nome_309;Dados_309
343;Nome_343;Dados_343
171;Nome_171;Dados_171
458;Nome_458;Dados_458
246;Nome_246;Dados_246
149;Nome_149;Dados_149
122;Nome_122;Dados_122
332;Nome_332;Dados_332
134;Nome_134;Dados_134
350;Nome_350;Dados_350
12;Nome_12;Dados_12
94;Nome_94;Dados_94
144;Nome_144;Dados_144
97;Nome_97;Dados_97
498;Nome_498;Dados_498
429;Nome_429;Dados_429
412;Nome_412;Dados_412
169;Nome_169;Dados_169
296;Nome_296;Dados_296
25;Nome_25;Dados_25
244;Nome_244;Dados_244
235;Nome_235;Dados_235
405;Nome_405;Dados_405
193;Nome_193;Dados_193
451;Nome_451;Dados_451
236;Nome_236;Dados_236
469;Nome_469;Dados_469
44;Nome_44;Dados_44
142;Nome_142;Dados_142
493;Nome_493;Dados_493
138;Nome_138;Dados_138
67;Nome_67;Dados_67
348;Nome_348;Dados_348
280;Nome_280;Dados_280
397;Nome_397;Dados_397
464;Nome_464;Dados_464
36;Nome_36;Dados_36
431;Nome_431;Dados_431
212;Nome_212;Dados_212
384;Nome_384;Dados_384
331;Nome_331;Dados_331
183;Nome_183;Dados_183
93;Nome_93;Dados_93
357;Nome_357;Dados_357
64;Nome_64;Dados_64
89;Nome_89;Dados_89
172;Nome_172;Dados_172
366;Nome_366;Dados_366
294;Nome_294;Dados_294
320;Nome_320;Dados_320
436;Nome_436;Dados_436
477;Nome_477;Dados_477
54;Nome_54;Dados_54
349;Nome_349;Dados_349
253;Nome_253;Dados_253
460;Nome_460;Dados_460
395;Nome_395;Dados_395
103;Nome_103;Dados_103
255;Nome_255;Dados_255
43;Nome_43;Dados_43
174;Nome_174;Dados_174
158;Nome_158;Dados_158
417;Nome_417;Dados_417
215;Nome_215;Dados_215
257;Nome_257;Dados_257
224;Nome_224;Dados_224
143;Nome_143;Dados_143
4;Nome_4;Dados_4
379;Nome_379;Dados_379
370;Nome_370;Dados_370
471;Nome_471;Dados_471
347;Nome_347;Dados_347
114;Nome_114;Dados_114
335;Nome_335;Dados_335
378;Nome_378;Dados_378
398;Nome_398;Dados_398
197;Nome_197;Dados_197
208;Nome_208;Dados_208
238;Nome_238;Dados_238
112;Nome_112;Dados_112
284;Nome_284;Dados_284
95;Nome_95;Dados_95
141;Nome_141;Dados_141
22;Nome_22;Dados_22
41;Nome_41;Dados_41
86;Nome_86;Dados_86
367;Nome_367;Dados_367
84;Nome_84;Dados_84
78;Nome_78;Dados_78
248;Nome_248;Dados_248
416;Nome_416;Dados_416
324;Nome_324;Dados_324
474;Nome_474;Dados_474
404;Nome_404;Dados_404
148;Nome_148;Dados_148
268;Nome_268;Dados_268
159;Nome_159;Dados_159
457;Nome_457;Dados_457
217;Nome_217;Dados_217
407;Nome_407;Dados_407
135;Nome_135;Dados_135
222;Nome_222;Dados_222
461;Nome_461;Dados_461
494;Nome_494;Dados_494
48;Nome_48;Dados_48
390;Nome_390;Dados_390
166;Nome_166;Dados_166
247;Nome_247;Dados_247
341;Nome_341;Dados_341
52;Nome_52;Dados_52
499;Nome_499;Dados_499
178;Nome_178;Dados_178
65;Nome_65;Dados_65
181;Nome_181;Dados_181
9;Nome_9;Dados_9
285;Nome_285;Dados_285
129;Nome_129;Dados_129
5;Nome_5;Dados_5
30;Nome_30;Dados_30
205;Nome_205;Dados_205
364;Nome_364;Dados_364
440;Nome_440;Dados_440
58;Nome_58;Dados_58
473;Nome_473;Dados_473
80;Nome_80;Dados_80
223;Nome_223;Dados_223
82;Nome_82;Dados_82
365;Nome_365;Dados_365
420;Nome_420;Dados_420
480;Nome_480;Dados_480
110;Nome_110;Dados_110
256;Nome_256;Dados_256
389;Nome_389;Dados_389
42;Nome_42;Dados_42
288;Nome_288;Dados_288
355;Nome_355;Dados_355
258;Nome_258;Dados_258
275;Nome_275;Dados_275
234;Nome_234;Dados_234
85;Nome_85;Dados_85
230;Nome_230;Dados_230
329;Nome_329;Dados_329
147;Nome_147;Dados_147
33;Nome_33;Dados_33
32;Nome_32;Dados_32
91;Nome_91;Dados_91
439;Nome_439;Dados_439
180;Nome_180;Dados_180
346;Nome_346;Dados_346
232;Nome_232;Dados_232
131;Nome_131;Dados_131
388;Nome_388;Dados_388
344;Nome_344;Dados_344
377;Nome_377;Dados_377
305;Nome_305;Dados_305
482;Nome_482;Dados_482
